{"cameraMode":{"drawMode":0,"name":"Shaded","section":"Shading Mode"},"sceneLighting":true,"audioPlay":false,"sceneViewState":{"showFog":true,"showMaterialUpdate":false,"showSkybox":true,"showFlares":true,"showImageEffects":true,"showParticleSystems":true},"in2DMode":false,"pivot":{"x":-177.38507080078126,"y":552.6241455078125,"z":1488.528564453125},"rotation":{"x":0.04222468286752701,"y":0.9391149878501892,"z":-0.12498413026332855,"w":0.31727075576782229},"size":0.025997327640652658,"orthographic":false}